ID;Nom;Prix (€);Qté;CA (€);Z-score
5026;"Champagne Agrapart &amp; Fils Minéral Extra Brut Blanc de Blancs Grand Cru 2012";86,8;0,0;0,0;1,9517320658705044
4359;Champagne Larmandier-Bernier Grand Cru Les Chemins d'Avize 2011;85,6;1,0;85,6;1,9086218323188977
5580;Lucien Boillot Puligny-Montrachet 1er Cru Les Perrières 2016;83,7;0,0;0,0;1,8403639625288544
4337;Champagne Mailly Grand Cru Les Echansons 2007;83,0;0,0;0,0;1,815216326290417
4046;Pierre Gaillard Côte Rôtie Rose Pourpre 2017;80,0;6,0;480,0;1,7074407424114006
4210;Lucien Boillot Nuits-Saint-Georges 1er Cru Les Pruliers 2017;79,8;0,0;0,0;1,7002557034861328
4353;Champagne Egly-Ouriet Grand Cru Brut Rosé;79,5;3,0;238,5;1,6894781450982312
4350;Champagne Egly-Ouriet Grand Cru Extra Brut V.P.;79,5;0,0;0,0;1,6894781450982312
4994;Domaine Peyre Rose Syrah Léone 2008;78,0;0,0;0,0;1,635590353158723
4995;Domaine Peyre Rose Oro Blanc 2002;78,0;0,0;0,0;1,635590353158723
6299;Lucien Boillot Gevrey Chambertin 1er Cru Les Cherbaudes 2017;78,0;0,0;0,0;1,635590353158723
4996;Domaine Peyre Rose Marlène N°3 2008;78,0;0,0;0,0;1,635590353158723
4797;Domaine Peyre Rose Clos des Cistes 2008;78,0;0,0;0,0;1,635590353158723
4073;Château de Vaudieu Châteauneuf-du-Pape L'Avenue 2015;77,8;0,0;0,0;1,6284053142334551
4139;Zind-Humbrecht Gewurztraminer Grand Cru Rangen De Thann Clos Saint-Urbain 2013;77,4;0,0;0,0;1,61403523638292
4358;Champagne Larmandier-Bernier Grand Cru Vieilles Vignes du Levant 2008;77,0;0,0;0,0;1,5996651585323842
4631;Marcel Windholtz Eau de Vie de Baie de Houx;76,8;0,0;0,0;1,5924801196071163
6106;Stéphane Tissot Château-Chalon 2011;74,8;0,0;0,0;1,5206297303544387
5951;Domaine de Vaccelli AOP Ajaccio Rouge Granit 174 2017;74,5;0,0;0,0;1,5098521719665372
5741;Domaine Clerget Chambolle-Musigny Les Charmes 2015;73,3;0,0;0,0;1,4667419384149305
6568;Decelle-Villa Chambolle-Musigny 2017;72,0;0,0;0,0;1,4200391854006902
6041;Château de Vaudieu Châteauneuf-du-Pape Amiral G 2015;71,7;0,0;0,0;1,4092616270127887
4054;Clos du Mont-Olivet Châteauneuf-du-Pape Cuvée du Papet 2018;71,6;10,0;716,0;1,4056691075501544
5968;Zind-Humbrecht Pinot Gris Clos Windsbuhl 2013;71,5;0,0;0,0;1,4020765880875208
5618;"Albert Boxler Riesling Grand Cru Sommerberg ""D"" 2018";71,3;0,0;0,0;1,3948915491622529
5619;"Albert Boxler Riesling Grand Cru Sommerberg ""E"" 2018";71,3;0,0;0,0;1,3948915491622529
4286;Domaine Hauvette Les Baux de Provence Amethyste 2017;69,8;10,0;698,0;1,3410037572227447
5969;Zind-Humbrecht Riesling Clos Windsbuhl 2014;69,0;0,0;0,0;1,3122636015216738
7025;Domaine Jamet Côte Rôtie Fructus Voluptas 2018;69,0;0,0;0,0;1,3122636015216738
4149;Champagne Mailly Grand Cru Intemporelle Rosé 2009;69,0;0,0;0,0;1,3122636015216738
6573;Marc Colin Et Fils Chassagne-Montrachet 1er Cru Les Champs Gain 2017;68,3;1,0;68,3;1,2871159652832365
4405;Cognac Frapin Château de Fontpinot XO 1/2;68,1;0,0;0,0;1,2799309263579686
4617;Alphonse Mellot Sancerre Rouge Génération XIX 2011;67,5;0,0;0,0;1,2583758095821655
4573;Château de Meursault Beaune-Grèves Les Trois Journaux 1er Cru 2015;67,2;0,0;0,0;1,247598251194264
5063;Lucien Boillot Pommard 1er Cru Les Croix Noires 2017;67,0;0,0;0,0;1,2404132122689961
5545;Marc Colin Et Fils Chassagne-Montrachet Blanc Les Caillerets 1er Cru 2016;65,9;7,0;461,3;1,2008954981800237
5069;Albert Mann Pinot Noir Les Saintes Claires 2017;65,0;0,0;0,0;1,1685628230163185
5002;David Duband Morey-Saint-Denis 1er Cru Les Broc 2016;64,9;0,0;0,0;1,164970303553685
5820;Maison Trimbach Riesling Cuvée Frédéric Emile 2012;63,5;0,0;0,0;1,1146750310768103
5818;Maison Trimbach Riesling Grand Cru Schlossberg 2015;63,5;0,0;0,0;1,1146750310768103
5611;Domaine Weinbach Riesling Grand Cru Schlossberg Cuvée Ste Catherine 2018;63,4;1,0;63,4;1,1110825116141765
4401;Cognac Frapin VSOP;62,5;1,0;62,5;1,0787498364504715
4635;Marcel Windholtz Eau de Vie de Kirsch d'Alsace Réserve Particulière;62,4;0,0;0,0;1,0751573169878377
6107;Stéphane Tissot Arbois Vin Jaune En Spois 2011;62,4;0,0;0,0;1,0751573169878377
4630;Marcel Windholtz Eau de Vie de Coing;62,4;4,0;249,6;1,0751573169878377
5027;"Champagne Agrapart &amp; Fils Terroirs Brut Blanc de Blancs Grand Cru";62,1;0,0;0,0;1,0643797585999362
4396;Wemyss Malts Blended Malt Scotch Whisky The Hive 12 ans;62,0;0,0;0,0;1,060787239137302
4597;Marc Colin Et Fils Chassagne-Montrachet Blanc Les Vide-Bourses 1er Cru 2016;61,6;2,0;123,2;1,0464171612867668
5544;Marc Colin Et Fils Chassagne-Montrachet Blanc Les Vide-Bourses 1er Cru 2016;61,6;0,0;0,0;1,0464171612867668
5523;Domaine Chambeyron Côte Rôtie Lancement 2017;60,4;1,0;60,4;1,00330692773516
4069;Gilles Robin Hermitage Rouge 2012;60,0;0,0;0,0;0,9889368498846246
4043;Pierre Gaillard Côte Rôtie Esprit de Blonde 2017;60,0;3,0;180,0;0,9889368498846246
5932;Cognac Normandin Mercier VFC;59,9;0,0;0,0;0,9853443304219907
5067;Albert Mann Pinot Noir Grand H 2017;59,9;16,0;958,4;0,9853443304219907
5068;Albert Mann Pinot Noir Grand P 2017;59,9;0,0;0,0;0,9853443304219907
4394;Wemyss Malts Blended Malt Scotch Whisky Treacle Chest;59,8;0,0;0,0;0,9817518109593567
5574;Domaine Huet Vouvray Le Mont Moelleux Première Trie 2008;59,6;0,0;0,0;0,974566772034089
4253;Domaine Huet Vouvray Le Clos du Bourg Moelleux Première Trie 2008;59,6;0,0;0,0;0,974566772034089
5004;David Duband Vosne Romanée 2017;59,4;2,0;118,8;0,9673817331088213
4348;Champagne Egly-Ouriet Grand Cru Brut Tradition;59,0;0,0;0,0;0,9530116552582858
4150;Champagne Mailly Grand Cru Intemporelle 2010;59,0;1,0;59,0;0,9530116552582858
4619;Alphonse Mellot Sancerre Rouge En Grands Champs 2012;59,0;0,0;0,0;0,9530116552582858
4398;Wemyss Malts Blended Malt Scotch Whisky Peat Chimney Batch Strength;59,0;0,0;0,0;0,9530116552582858
4399;Wemyss Malts Blended Malt Scotch Whisky Spice King Batch Strength;59,0;1,0;59,0;0,9530116552582858
4397;Wemyss Malts Blended Malt Scotch Whisky The Hive Batch Strength;59,0;0,0;0,0;0,9530116552582858
4213;Lucien Boillot Volnay 1er Cru Les Angles 2017;58,8;0,0;0,0;0,9458266163330179
4627;Marcel Windholtz Eau de Vie de Poire Williams Réserve Particulière;58,3;4,0;233,2;0,9278640190198485
5561;Tempier Bandol Migoua 2017;58,0;0,0;0,0;0,917086460631947
5563;Tempier Bandol Tourtine 2017;58,0;0,0;0,0;0,917086460631947
5552;Thierry Germain Saumur Blanc Clos Roman 2016;57,7;0,0;0,0;0,9063089022440454
5712;Albert Mann Gewurztraminer Vendanges Tardives Altenbourg 2015;57,6;1,0;57,6;0,9027163827814115
5817;Maison Trimbach Riesling Grand Cru Geisberg 2012;57,6;0,0;0,0;0,9027163827814115
4393;Wemyss Malts Blended Malt Scotch Whisky Vanilla Burst;57,0;0,0;0,0;0,8811612660056082
4616;Alphonse Mellot Sancerre Rouge La Demoiselle 2015;57,0;0,0;0,0;0,8811612660056082
5743;Domaine Clerget Vosne-Romanée Les Violettes 2015;57,0;0,0;0,0;0,8811612660056082
5912;Kingsbarns Distillery Lowland Single Malt Whisky;57,0;0,0;0,0;0,8811612660056082
5829;Agnès Levet Côte Rôtie Péroline 2017;57,0;3,0;171,0;0,8811612660056082
5615;"Albert Boxler Pinot Gris Grand Cru Sommerberg ""W"" 2016";56,4;0,0;0,0;0,8596061492298048
5967;Zind-Humbrecht Gewurztraminer Clos Windsbuhl 2012;56,3;0,0;0,0;0,8560136297671709
5819;Maison Trimbach Riesling Cuvée Frédéric Emile 2008;56,0;1,0;56,0;0,8452360713792694
5010;Domaine des Comtes Lafon Monthélie 1er Cru Les Duresses 2017;55,6;0,0;0,0;0,8308659935287339
4711;Albert Mann Riesling Grand Cru Schlossberg 2018;55,4;1,0;55,4;0,823680954603466
5827;Agnès Levet Côte Rôtie Maestria 2017;55,0;3,0;165,0;0,8093108767529306
5465;Clos du Mont-Olivet Châteauneuf-du-Pape 2007;54,8;3,0;164,4;0,8021258378276627
4908;Alphonse Mellot Sancerre Blanc Edmond 2016;53,2;4,0;212,8;0,7446455264255208
4142;Champagne Gosset Grand Millésime 2006;53,0;30,0;1590,0;0,737460487500253
4626;Marcel Windholtz Eau de Vie de Prunelle Sauvage;52,9;0,0;0,0;0,733867968037619
6632;Weingut Besson-Strasser Zürich Pinot Noir Chlosterberg 2016;52,7;1,0;52,7;0,7266829291123514
5061;Lucien Boillot Gevrey Chambertin Les Evocelles 2017;52,6;0,0;0,0;0,7230904096497175
4629;Marcel Windholtz Eau de Vie de Fraise;52,4;2,0;104,8;0,7159053707244496
4633;Marcel Windholtz Eau de Vie de Mirabelle d'Alsace Réserve Particulière;52,4;3,0;157,2;0,7159053707244496
4625;Marcel Windholtz Eau de Vie de Sureau;52,4;0,0;0,0;0,7159053707244496
4356;Champagne Egly-Ouriet Premier Cru Les Vignes de Vrigny;51,6;12,0;619,2;0,6871652150233787
6620;Domaine de La Tour Du Bon Bandol Rouge Saint Ferréol 2005;51,0;0,0;0,0;0,6656100982475753
6920;Château Jean Faure Saint-Emilion Grand Cru 2015;50,5;0,0;0,0;0,6476475009344059
6663;Catherine et Claude Maréchal Pommard La Chanière 2017;50,4;0,0;0,0;0,644054981471772
4606;Catherine et Claude Maréchal Volnay 2017;50,1;1,0;50,1;0,6332774230838705
4636;Marcel Windholtz Eau de Vie de Framboise d'Alsace;50,0;1,0;50,0;0,6296849036212365
4632;Marcel Windholtz Eau de Vie de Quetsch d'Alsace Réserve Particulière;50,0;0,0;0,0;0,6296849036212365
6926;Château Jean Faure Saint-Emilion Grand Cru 2016;49,9;1,0;49,9;0,6260923841586026
5925;Albert Mann Riesling Grand Cru Furstentum 2017;49,5;2,0;99,0;0,6117223063080671
4970;Champagne Larmandier-Bernier Terre de Vertus Premier Cru 2011;49,5;0,0;0,0;0,6117223063080671
4364;Wemyss Malts Blended Malt Scotch Whisky The Hive;49,5;1,0;49,5;0,6117223063080671
4392;Wemyss Malts Blended Malt Scotch Whisky Spice King;49,5;0,0;0,0;0,6117223063080671
5486;Decelle-Villa Meursault 2018;49,5;9,0;445,5;0,6117223063080671
4391;Wemyss Malts Blended Malt Scotch Whisky Peat Chimney;49,5;0,0;0,0;0,6117223063080671
4651;Thierry Germain Saumur Blanc Terres 2014;49,0;0,0;0,0;0,5937597089948977
4334;Champagne Gosset Grand Blanc de Blancs;49,0;96,0;4704,0;0,5937597089948977
4144;Champagne Gosset Grand Rosé;49,0;87,0;4263,0;0,5937597089948977
4604;Catherine et Claude Maréchal Pommard La Chanière 2016;49,0;1,0;49,0;0,5937597089948977
5548;Thierry Germain Saumur-Champigny Outre Terre 2017;48,8;0,0;0,0;0,5865746700696298
4658;Thierry Germain Saumur-Champigny Outre Terre 2016;48,8;0,0;0,0;0,5865746700696298
5003;David Duband Morey-Saint-Denis 2017;48,7;0,0;0,0;0,5829821506069962
5006;David Duband Nuits-Saint-Georges 2017;48,7;0,0;0,0;0,5829821506069962
6038;I Fabbri Chianti Classico Gran Selezione 2015;48,5;0,0;0,0;0,5757971116817283
5922;Albert Mann Pinot Noir Clos de la Faille 2017;48,5;17,0;824,5;0,5757971116817283
6666;Domaine Hauvette IGP Alpilles Dolia 2013;48,5;0,0;0,0;0,5757971116817283
4211;Lucien Boillot Pommard 2017;48,5;1,0;48,5;0,5757971116817283
5522;Domaine Chambeyron Côte Rôtie L'Angéline 2017;48,4;1,0;48,4;0,5722045922190944
6631;Weingut Besson-Strasser Zürich Pinot Noir Albi 2016;47,2;0,0;0,0;0,529094358667488
6751;Château Simone Palette Blanc 2017;46,5;0,0;0,0;0,5039467224290507
6884;Domino Romano Ribera del Duero RDR 2015;46,5;0,0;0,0;0,5039467224290507
6753;Château Simone Palette Rouge 2015;46,5;0,0;0,0;0,5039467224290507
4039;Pierre Jean Villa Côte Rôtie Carmina 2017;46,0;0,0;0,0;0,4859841251158813
6137;Domaine de Vaccelli Ajaccio Blanc Sirocco 2017;46,0;2,0;92,0;0,4859841251158813
6108;Gilles Robin Cornas 2016;46,0;0,0;0,0;0,4859841251158813
5950;Domaine de Vaccelli AOP Ajaccio Rouge Granit 2016;46,0;5,0;230,0;0,4859841251158813
4902;Domaine Des Croix Savigny-Lès-Beaune 1er Cru Les Peuillets 2015;46,0;0,0;0,0;0,4859841251158813
6279;Borie de Maurel Minervois Rouge Maxime 2003;45,9;0,0;0,0;0,4823916056532474
5024;"Champagne Agrapart &amp; Fils Les 7 Crus Brut Blanc de Blancs";45,0;0,0;0,0;0,4500589304895425
5062;Lucien Boillot Gevrey Chambertin 2017;45,0;2,0;90,0;0,4500589304895425
5690;Domaine Hauvette IGP Alpilles Dolia 2012;44,6;0,0;0,0;0,43568885263900703
5700;"Gilles Robin Crozes-Hermitage Rouge ""1920"" 2016";44,5;1,0;44,5;0,43209633317637314
4053;Clos du Mont-Olivet Châteauneuf-du-Pape 2012;44,3;23,0;1018,9;0,42491129425110524
6572;Decelle-Villa Saint-Aubin 1er Cru Sous Roche Dumay 2015;44,0;0,0;0,0;0,41413373586320373
4300;Domaine de La Tour Du Bon Bandol Rouge En Sol 2017;44,0;1,0;44,0;0,41413373586320373
4709;Albert Mann Pinot Gris Vendanges Tardives Altenbourg 2011;44,0;0,0;0,0;0,41413373586320373
4078;Domaine des Bosquets Gigondas La Colline 2015;44,0;10,0;440,0;0,41413373586320373
4400;Cognac Frapin 1270;44,0;0,0;0,0;0,41413373586320373
5905;Domaine de Montbourgeau L'Etoile Vin Jaune 2009;43,9;2,0;87,8;0,4105412164005698
4596;Marc Colin Et Fils Chassagne-Montrachet Blanc Margot 2017;43,9;23,0;1009,7;0,4105412164005698
5488;Decelle-Villa Beaune Rouge 2015;43,5;0,0;0,0;0,39617113855003433
5487;Decelle-Villa Nuits-Saint-Georges Rouge 2016;43,5;3,0;130,5;0,39617113855003433
4657;Thierry Germain Saumur-Champigny Outre Terre 2014;43,0;0,0;0,0;0,3782085412368649
4656;Thierry Germain Saumur-Champigny Outre Terre 2013;43,0;0,0;0,0;0,3782085412368649
4045;Pierre Gaillard Côte Rôtie 2018;42,6;14,0;596,4;0,3638384633863294
6622;Thierry Germain Saumur-Champigny Les Mémoires 2018;42,2;0,0;0,0;0,34946838553579396
5756;Huile d'Olive Extra Vierge Planeta Selezione Chef 3L;42,2;4,0;168,8;0,34946838553579396
5742;Domaine Clerget Chambolle-Musigny 2014;42,1;0,0;0,0;0,34587586607316
6886;Gratavinum Priorat GV5 2011;42,0;0,0;0,0;0,3422833466105261
5474;Domaine Saint-Nicolas Fiefs Vendéens Rouge La Grande Pièce 2013;42,0;4,0;168,0;0,3422833466105261
4598;Marc Colin Et Fils Saint-Aubin Blanc En Montceau 2017;41,8;1,0;41,8;0,3350983076852582
6627;Weingut Besson-Strasser Zürich Fumé 2017;41,8;1,0;41,8;0,3350983076852582
6575;Marc Colin Et Fils Saint-Aubin 1er Cru La Chatenière 2017;41,8;0,0;0,0;0,3350983076852582
4794;Maurice Schoech Riesling Grand Cru Rangen de Thann 2014;41,6;0,0;0,0;0,32791326875999066
5826;Agnès Levet Côte Rôtie Améthyste 2017;41,2;4,0;164,8;0,31354319090945515
4285;Château de Cazeneuve Pic Saint-Loup Le Sang Du Calvaire 2017;41,0;8,0;328,0;0,3063581519841873
4634;Marcel Windholtz Eau de Vie de Marc de Gewurztraminer;41,0;0,0;0,0;0,3063581519841873
4901;Domaine Des Croix Beaune 1er Cru Les Cent Vignes 2017;41,0;0,0;0,0;0,3063581519841873
6103;Stéphane Tissot Arbois Trousseau Amphore 2017;40,7;0,0;0,0;0,29558059359628575
6301;Borie La Vitarèle Saint-Chinian Midi Rouge 2015;40,5;0,0;0,0;0,2883955546710179
4655;Thierry Germain Saumur-Champigny Les Mémoires 2016;40,2;0,0;0,0;0,27761799628311634
6227;Le Pas de l'Escalette Terrasses du Larzac Les Frieys 2017;40,2;1,0;40,2;0,27761799628311634
5799;Château Carbonnieux Graves Blanc 2017;40,2;0,0;0,0;0,27761799628311634
6578;Saumaize-Michelin Pouilly-Fuissé Ampélopsis 2016;40,0;7,0;280,0;0,2704329573578485
4212;Lucien Boillot Volnay 2017;39,8;2,0;79,6;0,26324791843258066
4628;Marcel Windholtz Eau de Vie de Marc de Muscat;39,6;0,0;0,0;0,25606287950731305
6109;Gilles Robin Saint-Joseph Rouge André Péalat 2010;39,2;1,0;39,2;0,24169280165677756
4299;Domaine de La Tour Du Bon Bandol Rouge Saint Ferréol 2018;39,1;0,0;0,0;0,23810028219414361
4141;Champagne Gosset Grande Réserve;39,0;40,0;1560,0;0,2345077627315097
5398;Chili Montsecano (Ostertag) Pinot Noir 2013;39,0;1,0;39,0;0,2345077627315097
4357;Champagne Larmandier-Bernier Latitude;39,0;0,0;0,0;0,2345077627315097
4081;Le Vieux Donjon Châteauneuf-du-Pape 2016;39,0;4,0;156,0;0,2345077627315097
5609;Domaine Weinbach Riesling Cuvée Colette 2018;38,6;2,0;77,2;0,22013768488097424
5520;Domaine Chambeyron Côte Rôtie La Chavarine 2017;38,6;2,0;77,2;0,22013768488097424
5524;Domaine Chambeyron Condrieu Vernon 2018;38,6;1,0;38,6;0,22013768488097424
4287;Domaine Hauvette Les Baux de Provence Cornaline 2014;38,6;1,0;38,6;0,22013768488097424
6050;Christophe Pichon Condrieu 2017;38,5;0,0;0,0;0,2165451654183403
5771;Camille Giroud Santenay Rouge 1er Cru Clos Rousseau 2016;38,4;0,0;0,0;0,21295264595570637
5616;"Albert Boxler Pinot Noir ""S"" 2016";38,4;2,0;76,8;0,21295264595570637
4202;Mas de Daumas Gassac IGP Saint-Guilhem-le-Désert Blanc 2019;38,0;0,0;0,0;0,1985825681051709
5554;Thierry Germain Saumur-Champigny Clos de l'Echelier 2017;38,0;0,0;0,0;0,1985825681051709
4201;Mas de Daumas Gassac IGP Saint-Guilhem-le-Désert 2018;38,0;0,0;0,0;0,1985825681051709
6629;Weingut Besson-Strasser Zürich Pinot Noir Cholfirst 2017;37,7;1,0;37,7;0,18780500971726935
4148;Champagne Mailly Grand Cru Brut Rosé;37,5;0,0;0,0;0,18061997079200148
4918;Alain Graillot Crozes-Hermitage Rouge La Guiraude 2016;37,2;24,0;892,8;0,16984241240409995
4079;Le Vieux Donjon Châteauneuf-du-Pape 2013;37,0;0,0;0,0;0,16265737347883208
6101;Stéphane Tissot Arbois Blanc La Mailloche 2016;36,9;0,0;0,0;0,15906485401619816
5551;Thierry Germain Saumur-Champigny Franc De Pied 2017;36,3;0,0;0,0;0,13750973724039484
4653;Thierry Germain Saumur-Champigny Franc De Pied 2016;36,2;0,0;0,0;0,13391721777776114
5913;Darnley's London Dry Gin Original;36,0;0,0;0,0;0,1267321788524933
5914;Darnley's London Dry Gin Spiced;36,0;1,0;36,0;0,1267321788524933
5766;Camille Giroud Auxey-Duresses Blanc 2017;35,6;0,0;0,0;0,11236210100195781
6664;Catherine et Claude Maréchal Savigny-Lès-Beaune Rouge 2017;35,6;0,0;0,0;0,11236210100195781
5768;Camille Giroud Maranges Rouge 1er Cru Le Croix Moines 2016;35,6;1,0;35,6;0,11236210100195781
4336;Champagne Mailly Grand Cru Blanc de Pinot Noir;35,5;1,0;35,5;0,10876958153932388
5393;Australie Harkham Wines Old Vines 2011;35,3;0,0;0,0;0,10158454261405603
6621;Thierry Germain Saumur-Champigny La Marginale 2018;35,2;3,0;105,6;0,09799202315142234
5902;Stéphane Tissot Arbois Pinot Noir Sous La Tour 2016;35,1;0,0;0,0;0,09439950368878841
4107;Emile Boeckel Pinot Noir Terres Rouges 2016;35,0;0,0;0,0;0,09080698422615449
6105;Stéphane Tissot Côtes du Jura Sursis 2017;34,8;7,0;243,6;0,08362194530088662
5573;Domaine Huet Vouvray Le Clos du Bourg Demi-Sec 2017;34,7;0,0;0,0;0,08002942583825294
5770;Camille Giroud Santenay Blanc 2017;34,4;4,0;137,6;0,06925186745035115
3849;Pierre Jean Villa Saint-Joseph Rouge Tildé 2017;34,3;0,0;0,0;0,06565934798771722
5550;Thierry Germain Saumur-Champigny La Marginale 2017;34,3;0,0;0,0;0,06565934798771722
4040;Pierre Jean Villa Saint-Joseph Saut De l'Ange 2018;34,3;0,0;0,0;0,06565934798771722
4052;Clos du Mont-Olivet Châteauneuf-du-Pape Blanc 2019;33,7;6,0;202,2;0,04410423121191415
5769;Camille Giroud Marsannay Rouge Les Longeroies 2016;33,6;0,0;0,0;0,04051171174928021
5485;Decelle-Villa Savigny-Lès-Beaune Blanc 2018;33,4;3,0;100,2;0,03332667282401235
4654;Thierry Germain Saumur-Champigny La Marginale 2016;33,4;0,0;0,0;0,03332667282401235
4071;Château de Vaudieu Châteauneuf-du-Pape Rouge 2015;33,2;19,0;630,8;0,026141633898744743
6626;Weingut Besson-Strasser Zürich Räuschling 2018;33,2;0,0;0,0;0,026141633898744743
6104;Stéphane Tissot Arbois Blanc Savagnin 2015;33,2;0,0;0,0;0,026141633898744743
4147;Champagne Mailly Grand Cru Extra Brut Millésimé 2012;33,0;3,0;99,0;0,01895659497347688
5773;Decelle-Villa Auxey-Duresses Blanc 2017;32,8;3,0;98,4;0,011771556048209017
6615;Clos du Mont-Olivet Châteauneuf-du-Pape 2018;32,8;0,0;0,0;0,011771556048209017
4041;Pierre Gaillard Condrieu 2018;32,7;0,0;0,0;0,008179036585575342
4708;Albert Mann Pinot Gris Grand Cru Furstentum 2016;32,6;8,0;260,8;0,0045865171229414105
4605;Catherine et Claude Maréchal Savigny-Lès-Beaune Rouge 2016;32,2;0,0;0,0;-0,00978356072759406
6628;Weingut Besson-Strasser Zürich Blauer Zweigelt 2016;32,2;0,0;0,0;-0,00978356072759406
4258;Domaine Huet Vouvray Le Mont Sec 2017;32,1;5,0;160,5;-0,013376080190227992
4072;Château de Vaudieu Châteauneuf-du-Pape Blanc 2015;32,0;1,0;32,0;-0,01696859965286192
5709;Philippe Alliet Chinon Rouge Coteau de Noiré 2016;31,7;0,0;0,0;-0,02774615804076359
4257;Domaine Huet Vouvray Le Mont Moelleux 2015;31,7;0,0;0,0;-0,02774615804076359
4108;Zind-Humbrecht Riesling Herrenweg de Turckheim 2017;31,7;2,0;63,4;-0,02774615804076359
4705;Albert Mann Gewurztraminer Grand Cru Steingrubler 2016;31,6;8,0;252,8;-0,031338677503397395
4602;Catherine et Claude Maréchal Chorey-Lès-Beaune 2017;31,5;7,0;220,5;-0,03493119696603132
4603;Catherine et Claude Maréchal Ladoix Rouge Les Chaillots 2017;31,5;1,0;31,5;-0,03493119696603132
4042;Pierre Gaillard Cornas 2017;31,2;7,0;218,4;-0,04570875535393299
6204;Domaine Giudicelli Muscat du Cap Corse 2016;31,0;7,0;217,0;-0,052893794279200726
5564;Tempier Bandol Rouge 2017;30,8;3,0;92,4;-0,06007883320446846
4618;Alphonse Mellot Sancerre Rouge La Moussière 2014;30,6;0,0;0,0;-0,0672638721297362
5608;Domaine Weinbach Gewurztraminer Cuvée Théo 2018;30,5;2,0;61,0;-0,07085639159237013
4687;Cosse-Maisonneuve Cahors Le Sid 2014;30,1;0,0;0,0;-0,0852264694429056
4303;Rimauresq Côtes de Provence Rouge Cru Classé Quintessence 2015;30,0;0,0;0,0;-0,08881898890553953
5962;Camin Larredya Jurançon Moelleux Au Capcéu 2018;30,0;0,0;0,0;-0,08881898890553953
4228;Domaine de Bellivière Jasnières Les Rosiers 2015;29,9;0,0;0,0;-0,09241150836817345
5697;Planeta Sicilia Noto Santa Cecilia 2016;29,9;0,0;0,0;-0,09241150836817345
4137;Zind-Humbrecht Muscat Grand Cru Goldert 2015;29,8;0,0;0,0;-0,09600402783080726
6095;Château de Villeneuve Saumur-Champigny Le Grand Clos 2017;29,8;0,0;0,0;-0,09600402783080726
4678;Domaine Rotier Gaillac Rouge L'Ame 2016;29,8;0,0;0,0;-0,09600402783080726
5772;Camille Giroud Santenay Rouge 2016;29,7;1,0;29,7;-0,0995965472934412
4728;Maurice Schoech Gewurztraminer Vendanges Tardives 2017;29,5;2,0;59,0;-0,10678158621870892
4146;Champagne Mailly Grand Cru Brut Réserve;29,5;0,0;0,0;-0,10678158621870892
4783;Maurice Schoech Pinot Gris Vendanges Tardives 2015;29,5;0,0;0,0;-0,10678158621870892
5703;Domaine de l'Ecu Muscadet Taurus 2012;29,4;0,0;0,0;-0,11037410568134286
6570;Decelle-Villa Marsannay Les Longeroies 2015;29,2;0,0;0,0;-0,1175591446066106
4153;Elian Daros Côtes du Marmandais Clos Baquey 2015;29,0;36,0;1044,0;-0,12474418353187833
6569;Decelle-Villa Chorey-Lès-Beaune 2016;29,0;3,0;87,0;-0,12474418353187833
4723;François Baur Pinot Noir Sang Du Dragon 2017;29,0;3,0;87,0;-0,12474418353187833
5384;Liban Vallée de la Békaa Château Marsyas 2012;28,8;0,0;0,0;-0,13192922245714606
4647;Bernard Baudry Chinon Rouge La Croix Boissée 2017;28,5;8,0;228,0;-0,14270678084504773
4784;Maurice Schoech Riesling Vendanges Tardives 2017;28,5;0,0;0,0;-0,14270678084504773
4566;Domaine de Montcalmès Coteaux du Languedoc Blanc 2017;28,5;0,0;0,0;-0,14270678084504773
6567;"Decelle-Villa Côte de Nuits Villages ""Aux Montagnes"" 2014";28,4;0,0;0,0;-0,14629930030768165
4886;Saumaize-Michelin Pouilly-Fuissé Clos sur la Roche 2018;28,4;5,0;142,0;-0,14629930030768165
5899;Stéphane Tissot Arbois Blanc Les Bruyères 2015;28,1;4,0;112,4;-0,1570768586955832
4558;Domaine de Montcalmès Terrasses du Larzac Rouge 2017;28,1;3,0;84,3;-0,1570768586955832
4240;Domaine Augustin Collioure Rouge Adéodat 2017;28,0;0,0;0,0;-0,16066937815821714
4239;Domaine Augustin Collioure Blanc Adéodat 2019;28,0;0,0;0,0;-0,16066937815821714
4913;Jean-Batiste Arena Muscat du Cap Corse 2015;28,0;0,0;0,0;-0,16066937815821714
5630;Parés Baltà Penedès Electio 2013;28,0;1,0;28,0;-0,16066937815821714
4888;Saumaize-Michelin Pouilly-Fuissé Les Ronchevats 2018;27,9;0,0;0,0;-0,16426189762085106
4893;Jacqueson Rully Rouge 1er Cru Les Cloux 2018;27,9;3,0;83,7;-0,16426189762085106
4752;Domaine de Montgilet Coteaux de l'Aubance Les Trois Schistes 2016;27,9;0,0;0,0;-0,16426189762085106
6325;Tempier Bandol Blanc 2018;27,9;0,0;0,0;-0,16426189762085106
4891;Jacqueson Rully Blanc 1er Cru La Pucelle 2018;27,9;36,0;1004,4;-0,16426189762085106
4931;Marcel Richaud Cairanne Rouge L'Ebrescade 2017;27,8;0,0;0,0;-0,16785441708348486
5617;Albert Boxler Pinot Gris Réserve 2016;27,8;3,0;83,4;-0,16785441708348486
6665;Domaine Hauvette IGP Alpilles Jaspe 2017;27,7;1,0;27,7;-0,1714469365461188
7023;Camin Larredya Jurançon Sec La Virada 2018;27,5;0,0;0,0;-0,17863197547138654
4395;Wemyss Malts Blended Scotch Whisky Lord Elcho;27,5;0,0;0,0;-0,17863197547138654
5566;Le Pas de l'Escalette Terrasses du Larzac Le Grand Pas 2018;27,5;0,0;0,0;-0,17863197547138654
5903;Stéphane Tissot Arbois Trousseau Singulier 2017;27,3;0,0;0,0;-0,18581701439665427
5000;David Duband Côtes de Nuits Villages 2017;27,3;6,0;163,8;-0,18581701439665427
5807;Château d'Arcole Saint-Emilion Grand Cru 2016;27,3;4,0;109,2;-0,18581701439665427
4196;Château de La Liquière Faugères Tucade 2015;27,2;2,0;54,4;-0,1894095338592882
4283;Château de Cazeneuve Pic Saint-Loup Le Roc Des Mates 2017;27,0;4,0;108,0;-0,19659457278455594
4254;Domaine Huet Vouvray Haut-Lieu Demi-Sec 2015;26,9;0,0;0,0;-0,20018709224718986
6223;Planeta Sicilia Chardonnay 2017;26,7;6,0;160,2;-0,2073721311724576
4288;Domaine Hauvette IGP Alpilles Jaspe 2017;26,7;1,0;26,7;-0,2073721311724576
5893;Gilbert Picq Chablis 1er Cru Vaucoupin 2016;26,6;5,0;133,0;-0,2109646506350914
4757;Domaine Saint-Nicolas Fiefs Vendéens Blanc Le Haut des Clous 2017;26,5;6,0;159,0;-0,21455717009772535
4600;Marc Colin Et Fils Chassagne-Montrachet Rouge Vieilles Vignes 2017;26,5;0,0;0,0;-0,21455717009772535
4980;Château La Tour l'Aspic Pauillac 2014;26,5;0,0;0,0;-0,21455717009772535
4215;Marc Colin Et Fils Saint-Aubin Blanc Luce 2017;26,5;0,0;0,0;-0,21455717009772535
5491;Marc Colin Et Fils Santenay Rouge 2017;26,5;0,0;0,0;-0,21455717009772535
6222;Planeta Sicilia Passito di Noto 2016;26,4;0,0;0,0;-0,21814968956035927
4611;Gilbert Picq Chablis Vosgros 1er Cru 2017;26,2;15,0;393,0;-0,225334728485627
4727;Paul Ginglinger Riesling Grand Cru Pfersigberg 2018;26,0;2,0;52,0;-0,23251976741089475
4909;Antoine-Marie Arena Vin de France Bianco Gentile 2018;25,9;0,0;0,0;-0,23611228687352867
4912;Jean-Baptiste Arena Patrimonio Rouge Grotte Di Sole 2018;25,9;6,0;155,4;-0,23611228687352867
4914;Antoine-Marie Arena Patrimonio Hauts de Carco 2018;25,9;2,0;51,8;-0,23611228687352867
4915;Jean-Baptiste Arena Patrimonio Blanc Morta Maio;25,9;8,0;207,2;-0,23611228687352867
4138;Zind-Humbrecht Zind 2017;25,7;6,0;154,2;-0,2432973257987964
4932;Marcel Richaud Cairanne Rouge Les Estrambords 2011;25,7;4,0;102,8;-0,2432973257987964
4650;Thierry Germain Saumur Blanc L'Insolite 2018;25,3;5,0;126,5;-0,2576674036493319
4889;Saumaize-Michelin Pouilly-Fuissé Vignes Blanches 2018;25,3;0,0;0,0;-0,2576674036493319
6206;Domaine Giudicelli Patrimonio Blanc 2019;25,2;41,0;1033,2;-0,26125992311196583
6207;Domaine Giudicelli Patrimonio Rouge 2016;25,2;37,0;932,4;-0,26125992311196583
5804;Château Le Puy Bordeaux Côtes-de-Francs Emilien 2016;25,0;1,0;25,0;-0,26844496203723356
5711;Albert Mann Riesling Cuvée Albert 2017;25,0;5,0;125,0;-0,26844496203723356
5628;Parés Baltà Penedès Hisenda Miret 2013;25,0;0,0;0,0;-0,26844496203723356
4277;I Fabbri Chianti Classico Riserva 2015;24,8;3,0;74,4;-0,2756300009625013
5896;Thevenet Quintaine Viré-Clessé La Bongran 2015;24,7;0,0;0,0;-0,27922252042513523
5547;Thierry Germain Saumur-Champigny Terres Chaudes 2017;24,6;1,0;24,6;-0,282815039887769
6073;Jacqueson Rully Rouge 1er Cru Les Preaux 2018;24,5;0,0;0,0;-0,28640755935040296
5747;Thibaud Boudignon Anjou Blanc 2018;24,5;21,0;514,5;-0,28640755935040296
4920;Alain Graillot Crozes-Hermitage Blanc 2018;24,4;10,0;244,0;-0,29000007881303685
6592;Domaine de la Monardière Vacqueyras Blanc Galéjade 2018;24,4;0,0;0,0;-0,29000007881303685
4919;Alain Graillot Crozes-Hermitage Rouge 2017;24,4;6,0;146,4;-0,29000007881303685
4256;Domaine Huet Vouvray Haut-Lieu Sec 2017;24,4;0,0;0,0;-0,29000007881303685
4648;Bernard Baudry Chinon Blanc La Croix Boissée 2018;24,3;2,0;48,6;-0,2935925982756707
4758;Domaine Saint-Nicolas Fiefs Vendéens Rouge Cuvée Jacques 2016;24,3;0,0;0,0;-0,2935925982756707
5391;Australie Maverick Trial Hill Riesling 2010;24,2;1,0;24,2;-0,2971851177383046
3847;Pierre Jean Villa Saint-Joseph Préface 2018;24,2;6,0;145,2;-0,2971851177383046
4180;Domaine de l'Hortus Val de Montferrand La Grande Cuvée Blanc 2018;24,0;0,0;0,0;-0,30437015666357237
4179;Domaine de l'Hortus Pic Saint-Loup La Grande Cuvée 2018;24,0;7,0;168,0;-0,30437015666357237
4615;Alphonse Mellot Sancerre Blanc La Moussière 2018;24,0;7,0;168,0;-0,30437015666357237
5810;Château Tour De Pez Saint-Estèphe 2017;24,0;0,0;0,0;-0,30437015666357237
5397;Chili De Martino Viejas Tinajas Cinsault 2013;24,0;0,0;0,0;-0,30437015666357237
5801;Château Monbrison Margaux Bouquet de Monbrison 2012;24,0;0,0;0,0;-0,30437015666357237
5802;Château Peymartin Saint-Julien 2014;23,8;0,0;0,0;-0,3115551955888401
4975;Château Cordet Margaux 2013;23,7;4,0;94,8;-0,315147715051474
5443;La Rectorie Banyuls Léon Parcé 2016;23,6;5,0;118,0;-0,3187402345141078
6221;Planeta Sicilia Eruzione 1614 2017;23,5;0,0;0,0;-0,32233275397674177
4070;Gilles Robin Crozes-Hermitage Blanc Les Marelles 2018;23,4;7,0;163,8;-0,32592527343937566
4725;François Baur Riesling Grand Cru Brand Clos De La Treille 2017;23,4;0,0;0,0;-0,32592527343937566
4717;Domaine Schoenheitz Pinot Noir Herrenreben 2017;23,4;6,0;140,4;-0,32592527343937566
4084;"Rimauresq Côtes de Provence Rouge Cru Classé ""R"" 2017";23,2;0,0;0,0;-0,3331103123646434
4298;Domaine de La Tour Du Bon Bandol Rouge 2018;23,2;1,0;23,2;-0,3331103123646434
4925;Cave de Castelmaure Corbières Rouge N°3 2017;23,2;12,0;278,4;-0,3331103123646434
4205;Mas Laval Terrasses du Larzac La Grande Cuvée 2016;23,0;12,0;276,0;-0,3402953512899112
4974;Château du Couvent Pomerol 2017;23,0;5,0;115,0;-0,3402953512899112
5795;Château de Chantegrive Graves Blanc Caroline 2016;23,0;0,0;0,0;-0,3402953512899112
4130;Zind-Humbrecht Pinot Gris Roche Calcaire 2017;23,0;0,0;0,0;-0,3402953512899112
4077;Domaine des Bosquets Gigondas 2016;22,9;0,0;0,0;-0,34388787075254507
4907;Alphonse Mellot Coteaux Charitois Rouge Les Pénitents 2015;22,9;0,0;0,0;-0,34388787075254507
5382;Nouvelle-Zélande Marlborough Momo Pinot Noir 2016;22,8;0,0;0,0;-0,3474803902151789
4096;Paul Ginglinger Pinot Gris Grand Cru Eichberg 2015;22,8;0,0;0,0;-0,3474803902151789
4707;Albert Mann Pinot Gris Cuvée Albert 2017;22,8;13,0;296,4;-0,3474803902151789
4048;Pierre Gaillard Saint-Joseph Rouge Clos de Cuminaille 2018;22,8;7,0;159,6;-0,3474803902151789
4876;Tempier Bandol Rosé 2019;22,8;22,0;501,6;-0,3474803902151789
5047;"Champagne Petit Lebrun &amp; Fils Blanc de Blancs Grand Cru";22,5;13,0;292,5;-0,3582579486030805
6328;Le Pas de l'Escalette IGP Pays d'Hérault Les Clapas Blanc 2018;22,4;0,0;0,0;-0,36185046806571447
6635;Domaine de la Monardière Vacqueyras Vieilles Vignes 2016;22,4;1,0;22,4;-0,36185046806571447
4934;Marcel Richaud Rasteau Rouge 2017;22,2;2,0;44,4;-0,3690355069909822
4098;Paul Ginglinger Pinot Noir Les Rocailles 2016;22,1;1,0;22,1;-0,37262802645361603
4067;Gilles Robin Crozes-Hermitage Rouge Albéric 2017;22,0;19,0;418,0;-0,3762205459162499
4731;Domaine Muré Crémant d'Alsace Rosé;22,0;18,0;396,0;-0,3762205459162499
4671;Domaine Pellé Menetou Salon Rouge Les Cris 2015;21,9;0,0;0,0;-0,3798130653788839
6049;Christophe Pichon Saint-Joseph Blanc 2017;21,8;3,0;65,4;-0,3834055848415177
4050;Pierre Gaillard Saint-Joseph Blanc 2019;21,8;6,0;130,8;-0,3834055848415177
6887;Gratavinum Priorat 2?r 2017;21,8;0,0;0,0;-0,3834055848415177
5794;Château Fonréaud Bordeaux Blanc Le Cygne 2016;21,7;0,0;0,0;-0,3869981043041516
4564;Domaine Giudicelli Vin de France Eté Rouge 2018;21,7;19,0;412,3;-0,3869981043041516
5484;David-Beaupère Juliénas Vayolette 2017;21,6;1,0;21,6;-0,39059062376678544
4646;Bernard Baudry Chinon Rouge Le Clos Guillot 2017;21,5;1,0;21,5;-0,39418314322941933
4183;Borie La Vitarèle Saint-Chinian Les Crès 2016;21,4;0,0;0,0;-0,3977756626920533
4899;Domaine Brintet Mercurey Blanc Vieilles Vignes 2018;21,2;9,0;190,8;-0,404960701617321
4666;Vincent Carême Vouvray Moelleux 2015;21,0;0,0;0,0;-0,41214574054258873
4792;Maurice Schoech Riesling Grand Cru Kaefferkopf 2018;21,0;19,0;399,0;-0,41214574054258873
4066;Oratoire Saint Martin Cairanne Rouge Haut Coustias 2016;20,8;20,0;416,0;-0,41933077946785646
3850;Pierre Jean Villa Crozes-Hermitage Accroche Coeur 2018;20,8;0,0;0,0;-0,41933077946785646
4900;Domaine Brintet Mercurey Rouge Vieilles Vignes 2018;20,8;1,0;20,8;-0,41933077946785646
4662;Pierre Martin Sancerre Les Monts Damnés 2018;20,8;0,0;0,0;-0,41933077946785646
4612;Gilbert Picq Chablis Vieilles Vignes 2017;20,6;10,0;206,0;-0,42651581839312425
4166;Ollieux Romanis Corbières Boutenac Atal Sia 2017;20,5;6,0;123,0;-0,43010833785575814
4940;Oratoire Saint Martin Cairanne Blanc Haut-Coustias 2017;20,5;2,0;41,0;-0,43010833785575814
6226;Le Pas de l'Escalette Terrasses du Larzac Le Pas de D. 2017;20,4;0,0;0,0;-0,4337008573183921
6225;Le Pas de l'Escalette IGP Hérault Ze Cinsault 2017;20,4;4,0;81,6;-0,4337008573183921
4156;Elian Daros Côtes du Marmandais Coucou Blanc 2016;20,35;6,0;122,1;-0,43549711704970895
4669;Domaine Pellé Menetou Salon Blanc Le Carroir 2018;20,2;1,0;20,2;-0,4408858962436598
6205;Domaine Giudicelli Vin de France Corail Rouge 2019;20,2;0,0;0,0;-0,4408858962436598
4892;Jacqueson Rully Rouge Les Chaponnières 2018;20,1;3,0;60,3;-0,44447841570629365
5477;Domaine Pellé Menetou Salon Blanc Les Vignes de Ratier 2018;19,8;4,0;79,2;-0,45525597409419527
4703;Albert Mann Crémant d'Alsace Extra Brut 2017;19,8;7,0;138,6;-0,45525597409419527
5019;Château Tour Des Gendres Bergerac Blanc Moulin Des Dames 2016;19,8;0,0;0,0;-0,45525597409419527
4673;Domaine Pellé Sancerre Rouge La Croix Au Garde 2017;19,8;0,0;0,0;-0,45525597409419527
5906;Domaine de Montbourgeau L'Etoile En Banode 2016;19,8;0,0;0,0;-0,45525597409419527
5705;Domaine Huet Vouvray Pétillant Brut 2014;19,8;2,0;39,6;-0,45525597409419527
5761;Huiles d'Olive Extra Vierge Planeta 3x 10cl;19,5;0,0;0,0;-0,46603353248209695
5383;Nouvelle-Zélande Marlborough Kim Crawford Sauvignon Blanc 2015;19,5;0,0;0,0;-0,46603353248209695
4065;Oratoire Saint Martin Cairanne Rouge Les Douyes 2016;19,5;0,0;0,0;-0,46603353248209695
4250;Domaine Saint-Denis Bourgogne Rouge Clos de la Coque 2018;19,5;30,0;585,0;-0,46603353248209695
5890;Saumaize-Michelin Saint-Véran Les Crèches 2018;19,3;0,0;0,0;-0,4732185714073647
4049;Pierre Gaillard Saint-Joseph Rouge 2018;19,3;1,0;19,3;-0,4732185714073647
5613;Albert Boxler Chasselas 2016;19,2;6,0;115,2;-0,4768110908699986
5614;Albert Boxler Crémant d'Alsace Brut 2014;19,2;3,0;57,6;-0,4768110908699986
4152;Elian Daros Côtes du Marmandais Chante Coucou 2016;19,2;7,0;134,4;-0,4768110908699986
4674;Domaine Pellé Sancerre Blanc La Croix Au Garde 2018;19,0;7,0;133,0;-0,48399612979526635
4085;Rimauresq Côtes de Provence Rouge Cru Classé 2017;19,0;7,0;133,0;-0,48399612979526635
4614;Gilbert Picq Chablis En Vaudécorse 2017;19,0;11,0;209,0;-0,48399612979526635
6585;La Préceptorie Côtes du Roussillon Blanc Terres Nouvelles 2018;19,0;0,0;0,0;-0,48399612979526635
5891;Saumaize-Michelin Viré-Clessé 2018;19,0;1,0;19,0;-0,48399612979526635
4297;Domaine de La Tour Du Bon Bandol Blanc 2019;19,0;0,0;0,0;-0,48399612979526635
4267;Domaine Bulliat Morgon Amphore Cou de Jus 2019;19,0;2,0;38,0;-0,48399612979526635
6928;Le Cèdre de Jean Faure Saint-Emilion 2016;19,0;2,0;38,0;-0,48399612979526635
5377;Argentine Alamos Catena Malbec 2017;19,0;0,0;0,0;-0,48399612979526635
4280;Château de Cazeneuve Languedoc Blanc 2016;18,9;0,0;0,0;-0,4875886492579003
5904;Domaine de Montbourgeau Côtes du Jura Poulsard 2018;18,8;0,0;0,0;-0,4911811687205341
4793;Maurice Schoech Pinot Gris Grand Cru Schlossberg 2017;18,7;0,0;0,0;-0,494773688183168
4885;Saumaize-Michelin Mâcon Vergisson Sur La Roche 2017;18,7;0,0;0,0;-0,494773688183168
4716;Domaine Schoenheitz Pinot Gris Herrenreben 2017;18,6;0,0;0,0;-0,4983662076458018
4158;Planeta Sicilia Etna Rosso 2018;18,5;0,0;0,0;-0,5019587271084358
4978;Château Dutruch Grand Poujeaux Moulis 2016;18,5;0,0;0,0;-0,5019587271084358
4713;Domaine Schoenheitz Gewurztraminer Lisenberg 2015;18,4;12,0;220,8;-0,5055512465710696
4933;Marcel Richaud Cairanne Rouge 2018;18,4;0,0;0,0;-0,5055512465710696
4047;Pierre Gaillard Côtes-du-Rhône Blanc Les Gendrines 2018;18,3;0,0;0,0;-0,5091437660337035
5900;Stéphane Tissot Arbois D.D. 2016;18,25;0,0;0,0;-0,5109400257650205
4718;Domaine Schoenheitz Pinot Noir Val Saint Grégoire 2017;18,2;0,0;0,0;-0,5127362854963374
4704;Albert Mann Gewurztraminer 2017;18,2;3,0;54,6;-0,5127362854963374
5506;Château de la Selve Coteaux de l'Ardèche Rouge Serre de Berty 2014;18,2;0,0;0,0;-0,5127362854963374
4168;Ollieux Romanis Corbières Blanc Cuvée Prestige 2018;18,2;12,0;218,4;-0,5127362854963374
4684;Château Plaisance Fronton To Co Que Cal 2015;18,1;3,0;54,3;-0,5163288049589713
5380;Nouvelle-Zélande Marlborough Momo Sauvignon Blanc 2018;18,0;0,0;0,0;-0,5199213244216052
5610;Domaine Weinbach Pinot Blanc 2017;18,0;0,0;0,0;-0,5199213244216052
5483;David-Beaupère Juliénas La Bottière Vieilles Vignes 2018;17,9;0,0;0,0;-0,523513843884239
5809;Château Tour De Pez Saint-Estèphe Les Hauts de Pez 2016;17,9;0,0;0,0;-0,523513843884239
6035;Zind-Humbrecht Muscat Turckheim 2016;17,9;1,0;17,9;-0,523513843884239
4192;Château de La Liquière Faugères Cistus Rouge 2017;17,8;5,0;89,0;-0,5271063633468729
4264;Chermette Domaine du Vissoux Moulin à Vent Les Trois Roches 2018;17,8;2,0;35,6;-0,5271063633468729
4672;Domaine Pellé Menetou Salon Rouge Morogues 2017;17,8;0,0;0,0;-0,5271063633468729
5907;Domaine de Montbourgeau Vin de Paille 2013;17,7;0,0;0,0;-0,5306988828095068
4276;I Fabbri Chianti Classico Terra Di Lamole 2015;17,6;0,0;0,0;-0,5342914022721407
5696;Planeta Sicilia Etna Bianco 2018;17,5;0,0;0,0;-0,5378839217347745
4930;Domaine La Croix Belle Côtes de Thongue Blanc N°7 2018;17,5;5,0;87,5;-0,5378839217347745
4301;Domaine de La Tour Du Bon Bandol Rosé 2019;17,5;3,0;52,5;-0,5378839217347745
5806;Château La Croix Meunier Saint-Emilion Grand Cru 2014;17,4;2,0;34,8;-0,5414764411974085
4910;Antoine-Marie Arena Vin de France Rouge San Giovanni 2017;17,3;4,0;69,2;-0,5450689606600423
4224;Pierre Martin Sancerre Chavignol Rouge 2017;17,2;2,0;34,4;-0,5486614801226762
5797;Château Saransot-Dupré Listrac-Médoc 2016;17,2;0,0;0,0;-0,5486614801226762
5956;Clos du Prieur Terrasses du Larzac 2018;17,2;0,0;0,0;-0,5486614801226762
4235;Maroc Graillot/Thaleb Tandem Syrah 2015;17,1;1,0;17,1;-0,5522539995853101
4217;Domaine de l'Ecu Muscadet Granite 2018;17,1;0,0;0,0;-0,5522539995853101
5803;Château Tour Haut-Caussan Médoc 2015;17,1;3,0;51,3;-0,5522539995853101
5396;Chili De Martino Gallardia Cinsault 2017;17,1;0,0;0,0;-0,5522539995853101
4083;"Rimauresq Côtes de Provence Blanc Cru Classé ""R"" 2019";17,0;0,0;0,0;-0,5558465190479439
4670;Domaine Pellé Menetou Salon Blanc Morogues 2018;17,0;2,0;34,0;-0,5558465190479439
4890;Saumaize-Michelin Saint-Véran 2018;17,0;6,0;102,0;-0,5558465190479439
4225;Pierre Martin Sancerre Chavignol Blanc 2019;16,9;13,0;219,7;-0,5594390385105779
5816;Maison Trimbach Riesling 2017;16,9;0,0;0,0;-0,5594390385105779
4613;Gilbert Picq Chablis 2017;16,9;9,0;152,1;-0,5594390385105779
5704;Domaine de l'Ecu Muscadet Gneiss 2015;16,9;0,0;0,0;-0,5594390385105779
4759;Domaine Saint-Nicolas Fiefs Vendéens Rouge Reflets 2018;16,9;0,0;0,0;-0,5594390385105779
4733;Camin Larredya Jurançon Sec La Part Davant 2018;16,8;0,0;0,0;-0,5630315579732117
4706;Albert Mann Muscat 2018;16,8;32,0;537,6;-0,5630315579732117
4182;Borie La Vitarèle Saint-Chinian Les Schistes 2017;16,7;3,0;50,1;-0,5666240774358456
4219;Domaine de l'Ecu Muscadet Orthogneiss 2014;16,7;1,0;16,7;-0,5666240774358456
4929;Domaine La Croix Belle Côtes de Thongue Rouge N°7 2017;16,7;2,0;33,4;-0,5666240774358456
5815;Maison Trimbach Muscat Réserve 2017;16,6;1,0;16,6;-0,5702165968984795
4186;Le Pas de l'Escalette Terrasses du Larzac Les Clapas Rouge 2018;16,6;1,0;16,6;-0,5702165968984795
4271;Domaine Sérol Côte Roannaise Perdrizière 2016;16,6;0,0;0,0;-0,5702165968984795
4068;Gilles Robin Crozes-Hermitage Rouge Papillon 2019;16,6;62,0;1029,2;-0,5702165968984795
4621;Bernard Baudry Chinon Rouge Les Grézeaux 2017;16,5;9,0;148,5;-0,5738091163611133
4649;Bernard Baudry Chinon Blanc 2018;16,5;1,0;16,5;-0,5738091163611133
4976;Château Lafont Menaut Pessac-Leognan Rouge 2017;16,45;4,0;65,8;-0,5756053760924303
4750;Domaine de Montgilet Anjou Rouge Les Yvonnais 2015;16,4;2,0;32,8;-0,5774016358237473
4664;La Cotelleraie Saint-Nicolas-de-Bourgueil Le Vau Jaumier 2016;16,4;0,0;0,0;-0,5774016358237473
4086;Rimauresq Côtes de Provence Blanc Cru Classé 2019;16,4;4,0;65,6;-0,5774016358237473
5964;Domaine de l'Ancienne Cure Pécharmant L'Abbaye 2015;16,3;3,0;48,9;-0,5809941552863811
4103;Emile Boeckel Riesling Grand Cru Wiebelsberg 2016;16,3;12,0;195,6;-0,5809941552863811
5445;La Préceptorie Maury Blanc 2015;16,3;0,0;0,0;-0,5809941552863811
4102;Emile Boeckel Sylvaner Grand Cru Zotzenberg 2017;16,3;1,0;16,3;-0,5809941552863811
7338;Domaine Saint-Nicolas Vin de France Blanc Les Clous 2019;16,3;0,0;0,0;-0,5809941552863811
4977;Château Lafont Menaut Pessac-Leognan Blanc 2017;16,3;3,0;48,9;-0,5809941552863811
5446;Parcé Frères Banyuls Rimage 2018;16,2;0,0;0,0;-0,584586674749015
5389;Australie Maverick Breechens Blend 2012;16,1;0,0;0,0;-0,5881791942116489
4601;Catherine et Claude Maréchal Bourgogne Aligoté 2018;16,1;4,0;64,4;-0,5881791942116489
4720;Domaine Schoenheitz Riesling Herrenreben 2018;15,9;15,0;238,5;-0,5953642331369167
4263;Chermette Domaine du Vissoux Fleurie Poncié 2018;15,8;0,0;0,0;-0,5989567525995505
4101;Emile Boeckel Pinot Gris Grand Cru Zotzenberg 2016;15,8;0,0;0,0;-0,5989567525995505
4712;Domaine Schoenheitz Crémant d'Alsace Mémoire de Granit Extra Brut;15,8;1,0;15,8;-0,5989567525995505
4262;Chermette Domaine du Vissoux Brouilly Pierreux 2018;15,8;3,0;47,4;-0,5989567525995505
4100;Emile Boeckel Gewurztraminer Grand Cru Zotzenberg 2016;15,8;0,0;0,0;-0,5989567525995505
4270;Domaine Sérol Côte Roannaise Les Millerands 2018;15,5;4,0;62,0;-0,6097343109874521
5444;La Préceptorie Maury Rouge Cuvée Aurélie 2017;15,5;1,0;15,5;-0,6097343109874521
6738;Emile Boeckel Crémant Chardonnay Extra Brut 2016;15,4;3,0;46,2;-0,6133268304500861
5959;Domaine Labranche Laffont Madiran Vieilles Vignes 2015;15,4;0,0;0,0;-0,6133268304500861
5894;Thevenet Quintaine Viré-Clessé Emilian Gillet 2017;15,4;5,0;77,0;-0,6133268304500861
6616;Clos du Mont-Olivet Lirac Rouge 2017;15,4;1,0;15,4;-0,6133268304500861
4246;Domaine Saint-Denis Mâcon Lugny 2017;15,3;7,0;107,1;-0,6169193499127199
4734;Camin Larredya Jurançon Moelleux Costat Darrer 2018;15,3;1,0;15,3;-0,6169193499127199
4268;Domaine Bulliat Morgon Le Colombier 2019;15,2;1,0;15,2;-0,6205118693753539
5375;David-Beaupère Juliénas Les Trois Verres 2018;15,2;1,0;15,2;-0,6205118693753539
5546;Thierry Germain Saumur-Champigny Cuvée Domaine 2018;15,2;6,0;91,2;-0,6205118693753539
5736;Triennes IGP Méditerranée Blanc Sainte Fleur 2018;14,9;5,0;74,5;-0,6312894277632555
4799;Domaine de la Monardière Vacqueyras Les Deux Monardes 2017;14,9;3,0;44,7;-0,6312894277632555
4275;I Fabbri Chianti Classico Lamole 2017;14,9;12,0;178,8;-0,6312894277632555
4248;Domaine Saint-Denis Mâcon Chardonnay 2017;14,8;12,0;177,6;-0,6348819472258893
4075;Plateau des Chênes Lirac 2015;14,7;0,0;0,0;-0,6384744666885233
5738;Triennes IGP Méditerranée Rouge Saint Auguste 2016;14,6;11,0;160,6;-0,6420669861511571
4748;Jean-Paul Brun Saint-Amour 2017;14,5;0,0;0,0;-0,6456595056137909
4155;Elian Daros Côtes du Marmandais Le Vignoble d'Elian 2016;14,5;3,0;43,5;-0,6456595056137909
4063;Mourgues du Grès Costières de Nîmes Terre de Feu 2017;14,5;3,0;43,5;-0,6456595056137909
4064;Oratoire Saint Martin Cairanne Rouge Réserve des Seigneurs 2017;14,4;3,0;43,2;-0,6492520250764249
4665;Vincent Carême Vouvray Sec 2018;14,4;2,0;28,8;-0,6492520250764249
4087;Rimauresq Côtes de Provence Cru Classé Rosé 2019;14,4;18,0;259,2;-0,6492520250764249
4167;Ollieux Romanis Corbières Rouge Cuvée Prestige 2017;14,3;3,0;42,9;-0,6528445445390587
4162;Domino Romano Ribera Del Duero Camino Romano 2016;14,3;1,0;14,3;-0,6528445445390587
4730;Domaine Muré Crémant d'Alsace Cuvée Prestige;14,3;0,0;0,0;-0,6528445445390587
4251;Domaine Saint-Denis Bourgogne Rouge Le Clos 2017;14,1;8,0;112,8;-0,6600295834643264
5930;Borie La Vitarèle Languedoc Blanc Le Grand Mayol 2019;14,1;1,0;14,1;-0,6600295834643264
4032;Pierre Jean Villa IGP Collines Rhodaniennes Gamine 2018;14,1;3,0;42,3;-0,6600295834643264
4076;Plateau des Chênes Lirac 2016;14,05;4,0;56,2;-0,6618258431956434
4686;Cosse Maisonneuve Cahors Solis 2018;14,0;2,0;28,0;-0,6636221029269603
4778;Clos du Mont-Olivet Lirac Rosé Farel 2019;13,9;0,0;0,0;-0,6672146223895943
5504;Château de la Selve Coteaux de l'Ardèche Blanc Saint-Régis Blanc 2019;13,8;3,0;41,4;-0,6708071418522281
4151;Elian Daros Côtes du Marmandais Abouriou 2016;13,7;12,0;164,4;-0,6743996613148621
5715;François Baur Gewurztraminer Herrenweg de Turckheim 2016;13,7;0,0;0,0;-0,6743996613148621
4722;François Baur Pinot Gris Herrenweg de Turckheim 2018;13,7;1,0;13,7;-0,6743996613148621
4094;Paul Ginglinger Gewurztraminer Wahlenbourg 2017;13,7;0,0;0,0;-0,6743996613148621
4780;Maurice Schoech Crémant d'Alsace Brut Rosé Bulles de Granite;13,7;1,0;13,7;-0,6743996613148621
4791;Maurice Schoech Pinot Noir Pièce de Chêne 2016;13,6;0,0;0,0;-0,6779921807774958
6072;Clos du Mont-Olivet Côtes-du-Rhône Blanc 2019;13,6;9,0;122,4;-0,6779921807774958
4244;La Préceptorie Côtes du Roussillon Coume Marie 2018;13,5;5,0;67,5;-0,6815847002401297
4177;Domaine de l'Hortus Val de Montferrand La Bergerie Blanc 2018;13,5;0,0;0,0;-0,6815847002401297
4176;Domaine de l'Hortus Pic Saint-Loup La Bergerie Rouge 2018;13,5;9,0;121,5;-0,6815847002401297
6618;Clos du Mont-Olivet Vins de Pays du Gard Confluence 2017;13,5;0,0;0,0;-0,6815847002401297
5963;Domaine de l'Ancienne Cure Bergerac Blanc Sec L'Abbaye 2016;13,5;0,0;0,0;-0,6815847002401297
6584;La Préceptorie Côtes du Roussillon Blanc Coume Marie 2018;13,5;0,0;0,0;-0,6815847002401297
4193;Château de La Liquière Faugères Cistus Blanc 2019;13,5;8,0;108,0;-0,6815847002401297
4216;Domaine de l'Ecu Muscadet Classic 2018;13,4;1,0;13,4;-0,6851772197027637
4607;François Bergeret Hautes Côtes de Beaune Vieilles Vignes Rondo 2017;13,4;0,0;0,0;-0,6851772197027637
6094;Château de Villeneuve Saumur-Champigny Clos de la Bienboire 2018;13,4;0,0;0,0;-0,6851772197027637
4714;Domaine Schoenheitz Muscat 2017;13,3;3,0;39,9;-0,6887697391653975
4187;Le Pas de l'Escalette Languedoc Les Petits Pas 2019;13,3;42,0;558,6;-0,6887697391653975
4679;Domaine Rotier Gaillac Rouge Renaissance 2016;13,2;0,0;0,0;-0,6923622586280315
5439;La Préceptorie Maury Sec Rouge Copain Comme Cochon 2018;13,2;18,0;237,6;-0,6923622586280315
5760;Huile d'Olive Extra Vierge Planeta 50cl;13,1;2,0;26,2;-0,6959547780906652
4610;François Bergeret Hautes Côtes de Beaune Blanc 2018;13,1;0,0;0,0;-0,6959547780906652
5693;Philippe Nusswitz Duché d'Uzès Orénia Blanc Réserve 2018;13,0;11,0;143,0;-0,6995472975532991
4676;Domaine Rotier Gaillac Blanc Doux Les Gravels 2016;12,9;0,0;0,0;-0,7031398170159331
4274;Domaine Sérol Vin Mousseux Rosé Turbullent Méthode Ancestrale;12,9;0,0;0,0;-0,7031398170159331
4939;Oratoire Saint Martin Cairanne Blanc Réserve des Seigneurs 2018;12,9;0,0;0,0;-0,7031398170159331
5519;Domaine Chambeyron Côtes du Rhône 2017;12,9;22,0;283,8;-0,7031398170159331
5764;Parcé Frères Collioure Rouge Petit Gus 2018;12,9;12,0;154,8;-0,7031398170159331
4924;Cave de Castelmaure Corbières Rouge Grande Cuvée 2017;12,8;0,0;0,0;-0,7067323364785669
4099;Paul Ginglinger Riesling Drei Exa 2018;12,8;0,0;0,0;-0,7067323364785669
4690;Domaine Plageoles Vin de France Contre-Pied 2016;12,8;0,0;0,0;-0,7067323364785669
4097;Paul Ginglinger Pinot Gris Les Prelats 2018;12,8;1,0;12,8;-0,7067323364785669
4221;Xavier Frissant Touraine Les Roses du Clos 2018;12,8;15,0;192,0;-0,7067323364785669
4689;Domaine Plageoles Côtes du Tarn Blanc Sec Ondenc;12,8;1,0;12,8;-0,7067323364785669
4074;Domaine de la Jérôme Côtes du Rhône Village 201;12,7;4,0;50,8;-0,7103248559412009
4726;François Baur Pinot Noir Schlittweg 2017;12,7;4,0;50,8;-0,7103248559412009
5960;Domaine Labranche Laffont Pacherenc du Vic-Bilh Sec 2017;12,7;0,0;0,0;-0,7103248559412009
5694;Philippe Nusswitz Duché d'Uzès Orénia Rouge Réserve 2016;12,7;5,0;63,5;-0,7103248559412009
4056;Clos du Mont-Olivet Côtes-du-Rhône Vieilles Vignes 2018;12,7;10,0;127,0;-0,7103248559412009
5395;Chili Errazuriz Cabernet Sauvignon 2016;12,7;0,0;0,0;-0,7103248559412009
6093;Château de Villeneuve Saumur-Champigny 2017;12,6;1,0;12,6;-0,7139173754038346
4095;Paul Ginglinger Muscat Caroline 2018;12,6;4,0;50,4;-0,7139173754038346
4227;La Cotelleraie Saint-Nicolas-de-Bourgueil La Croisée 2018;12,6;6,0;75,6;-0,7139173754038346
4106;Emile Boeckel Pinot Noir Barriques Oberpfoeller 2018;12,6;6,0;75,6;-0,7139173754038346
5796;Château Saransot-Dupré Bordeaux Blanc 2016;12,5;0,0;0,0;-0,7175098948664685
4938;Domaine Rouge Garance Côtes du Rhône Villages Garances 2016;12,5;0,0;0,0;-0,7175098948664685
4719;Domaine Schoenheitz Pinot Noir Tradition 2019;12,5;15,0;187,5;-0,7175098948664685
4668;Xavier Frissant Touraine Amboise L'Orée des Frênes 2015;12,3;3,0;36,9;-0,7246949337917363
4788;Maurice Schoech Pinot Gris 2018;12,3;3,0;36,9;-0,7246949337917363
4260;Chermette Domaine du Vissoux Beaujolais Blanc Collonge 2017;12,2;2,0;24,4;-0,7282874532543703
4964;Château Turcaud Bordeaux Rouge Cuvée Majeure 2018;12,1;6,0;72,6;-0,731879972717004
4190;Le Pas de l'Escalette Coteaux du Languedoc Ze Rozé 2019;12,1;5,0;60,5;-0,731879972717004
4786;Maurice Schoech Gewurztraminer 2018;12,1;0,0;0,0;-0,731879972717004
4165;Parés Baltà Penedès Indigena 2017;12,0;3,0;36,0;-0,735472492179638
5525;Domaine Chambeyron Vin de Pays des Collines Rhodaniennes Viognier 2016;12,0;0,0;0,0;-0,735472492179638
4795;Emile Boeckel Crémant Brut Rosé;12,0;10,0;120,0;-0,735472492179638
4753;Domaine de Montgilet Coteaux de l'Aubance 2017;12,0;7,0;84,0;-0,735472492179638
4157;Planeta Sicilia Alastro 2017;12,0;0,0;0,0;-0,735472492179638
4060;Mourgues du Grès Costières de Nîmes Terre d'Argence 2017;11,9;9,0;107,1;-0,7390650116422719
4749;Domaine de Montgilet Anjou Blanc 2016;11,9;0,0;0,0;-0,7390650116422719
4062;Mourgues du Grès IGP Pont du Gard Terre d'Argence 2018;11,9;3,0;35,7;-0,7390650116422719
4181;Borie La Vitarèle Saint-Chinian Les Terres Blanches 2019;11,9;9,0;107,1;-0,7390650116422719
4620;Bernard Baudry Chinon Rouge Les Granges 2018;11,9;6,0;71,4;-0,7390650116422719
4609;François Bergeret Hautes Côtes de Beaune Rouge 2017;11,8;0,0;0,0;-0,7426575311049057
4161;Planeta Sicilia Plumbago 2017;11,6;0,0;0,0;-0,7498425700301734
4281;Château de Cazeneuve Val de Montferrand Rouge Caza Sorix 2019;11,6;0,0;0,0;-0,7498425700301734
4220;Xavier Frissant Touraine Amboise Chenin Les Pierres 2018;11,6;12,0;139,2;-0,7498425700301734
4178;Domaine de l'Hortus Pic Saint-Loup La Bergerie Rosé 2019;11,5;17,0;195,5;-0,7534350894928074
5481;Domaine Bulliat Moulin-à-Vent 2017;11,5;0,0;0,0;-0,7534350894928074
4204;Mas Laval IGP Pays d'Hérault Les Pampres Rouges 2017;11,3;3,0;33,9;-0,7606201284180751
4962;Château Turcaud Bordeaux Blanc Cuvée Majeure 2018;11,3;14,0;158,2;-0,7606201284180751
4231;Argentine Mendoza Alamos Malbec 2018;11,1;1,0;11,1;-0,7678051673433428
4232;Argentine Mendoza Alamos Chardonnay 2019;11,1;2,0;22,2;-0,7678051673433428
4790;Maurice Schoech Riesling 2018;11,1;0,0;0,0;-0,7678051673433428
4715;Domaine Schoenheitz Pinot Blanc Val Saint Grégoire 2017;11,1;0,0;0,0;-0,7678051673433428
4936;Domaine Rouge Garance Côtes du Rhône Blanc De Garance 2018;11,1;11,0;122,1;-0,7678051673433428
5379;Argentine Mendoza Alamos Torrontes 2017;11,1;0,0;0,0;-0,7678051673433428
4789;Maurice Schoech Pinot Noir 2018;11,1;2,0;22,2;-0,7678051673433428
5737;Triennes IGP Méditerranée Rouge Les Auréliens 2016;11,0;9,0;99,0;-0,7713976868059768
6047;Château de La Liquière Faugères L'Ampoule 2019;10,9;38,0;414,2;-0,7749902062686107
4307;Domaine de l'Idylle Savoie Mondeuse Le Tithonien 2018;10,9;0,0;0,0;-0,7749902062686107
4163;Parés Baltà Penedès Calcari 2018;10,8;3,0;32,4;-0,7785827257312445
4194;Château de La Liquière Faugères 2017;10,8;9,0;97,2;-0,7785827257312445
5707;Domaine des Terres d'Ocre Saint-Pourçain Rouge Instant T 2015;10,8;10,0;108,0;-0,7785827257312445
4306;Domaine de l'Idylle Roussette de Savoie Anne de Chypre 2018;10,7;1,0;10,7;-0,7821752451938785
4675;Domaine Rotier Gaillac Blanc Sec Renaissance 2015;10,7;0,0;0,0;-0,7821752451938785
5739;Triennes IGP Méditerranée Rouge Merlot 2016;10,7;1,0;10,7;-0,7821752451938785
5394;Chili Valdivieso Merlot 2017;10,7;0,0;0,0;-0,7821752451938785
6128;Moulin de Gassac IGP Pays d'Hérault Blanc Faune 2017;10,6;3,0;31,8;-0,7857677646565122
6127;Moulin de Gassac IGP Pays d'Hérault Rouge Mazet du Levant 2017;10,6;0,0;0,0;-0,7857677646565122
6280;Borie de Maurel Minervois Blanc La Belle Aude 2018;10,4;0,0;0,0;-0,7929528035817801
5480;Domaine Bulliat Chiroubles Cuvée Félix 2019;10,4;1,0;10,4;-0,7929528035817801
5629;Parés Baltà Cava Brut Nature;10,3;0,0;0,0;-0,7965453230444139
5706;Domaine des Terres d'Ocre Saint-Pourçain Blanc Instant T 2018;10,3;0,0;0,0;-0,7965453230444139
4269;Domaine Sérol Côte Roannaise Les Originelles 2019;10,2;0,0;0,0;-0,8001378425070479
5479;Domaine Bulliat Beaujolais Blanc 2019;10,2;3,0;30,6;-0,8001378425070479
5753;Château de la Selve Vin de France Petite Selve 2019;10,1;4,0;40,4;-0,8037303619696816
4785;Maurice Schoech Pinot Auxerrois Vieilles Vignes 2018;10,1;1,0;10,1;-0,8037303619696816
6617;Clos du Mont-Olivet Vins de Pays du Gard Rive Droite 2018;9,9;6,0;59,4;-0,8109154008949495
4867;Château De La Selve IGP Coteaux de l'Ardèche Maguelonne Rosé 2019;9,9;1,0;9,9;-0,8109154008949495
4937;Domaine Rouge Garance Côtes du Rhône Feuille de Garance 2019;9,9;4,0;39,6;-0,8109154008949495
4203;Mas Laval IGP Pays d'Hérault Les Pampres Blancs 2018;9,9;6,0;59,4;-0,8109154008949495
4862;Philippe Nusswitz Duché d'Uzès Orénia Blanc 2018;9,9;12,0;118,8;-0,8109154008949495
4261;Chermette Domaine du Vissoux Beaujolais Griottes 2018;9,9;1,0;9,9;-0,8109154008949495
4782;Paul Ginglinger Pinot Blanc 2017;9,8;3,0;29,4;-0,8145079203575833
4154;Elian Daros Côtes du Marmandais Le Vin Est Une Fête 2017;9,8;18,0;176,4;-0,8145079203575833
4865;Mourgues du Grès Costières de Nîmes Capitelles Rosé 2018;9,8;13,0;127,4;-0,8145079203575833
4740;Jean-Paul Brun Beaujolais L'Ancien 2016;9,7;0,0;0,0;-0,8181004398202173
4223;Xavier Frissant Touraine Sauvignon 2019;9,7;3,0;29,1;-0,8181004398202173
4104;Emile Boeckel Riesling Brandluft 2018;9,7;12,0;116,4;-0,8181004398202173
4229;Mérieau Touraine L'Arpent des Vaudons 2018;9,6;0,0;0,0;-0,821692959282851
4265;Domaine Bulliat Beaujolais Villages Bibine 2018;9,6;3,0;28,8;-0,821692959282851
4677;Domaine Rotier Gaillac Rouge Les Gravels 2016;9,5;1,0;9,5;-0,825285478745485
4188;Château de La Liquière Languedoc Blanc Les Amandiers 2019;9,5;8,0;76,0;-0,825285478745485
4197;Château de La Liquière Faugères Les Amandiers Rosé 2019;9,4;8,0;75,2;-0,8288779982081189
4191;Château de La Liquière Faugères Les Amandiers Rouge 2019;9,3;12,0;111,6;-0,8324705176707528
4870;Triennes IGP Méditerranée Rosé 2019;9,3;33,0;306,9;-0,8324705176707528
6070;Borie La Vitarèle Pays d'Hérault Les Cigales 2019;9,3;1,0;9,3;-0,8324705176707528
4160;Planeta Sicilia La Segreta Rosso 2017;9,3;7,0;65,1;-0,8324705176707528
4159;Planeta Sicilia La Segreta Bianco 2017;9,3;3,0;27,9;-0,8324705176707528
5016;Château Tour Des Gendres Bergerac Blanc Cuvée Des Conti 2017;9,3;3,0;27,9;-0,8324705176707528
4272;Domaine Sérol Côte Roannaise Rosé Cabochard 2016;9,2;1,0;9,2;-0,8360630371333867
4683;Château Plaisance Fronton Rosé 2019;9,1;1,0;9,1;-0,8396555565960204
4682;Château Plaisance Fronton Rouge 2017;9,1;6,0;54,6;-0,8396555565960204
6278;Borie de Maurel Minervois Rouge Esprit d'Automne 2019;9,0;5,0;45,0;-0,8432480760586544
4170;Ollieux Romanis Corbières Classique 2018;9,0;4,0;36,0;-0,8432480760586544
4241;Parcé Frères IGP Côtes Catalanes Hommage à Fernand Blanc 2019;8,9;1,0;8,9;-0,8468405955212883
4222;Xavier Frissant Touraine Amboise M de La Touche 2016;8,9;4,0;35,6;-0,8468405955212883
4245;Parcé Frères IGP Pays d'Oc Zoé Viognier 2019;8,9;1,0;8,9;-0,8468405955212883
5958;Domaine Labranche Laffont Madiran Tradition 2016;8,7;0,0;0,0;-0,8540256344465561
4057;Mourgues du Grès Costières de Nîmes Galets Dorés 2019;8,7;18,0;156,6;-0,8540256344465561
4059;Mourgues du Grès Costières de Nîmes Galets Rosés 2019;8,7;7,0;60,9;-0,8540256344465561
4860;Philippe Nusswitz Duché d'Uzès Orénia Rosé 2019;8,7;11,0;95,7;-0,8540256344465561
4058;Mourgues du Grès Costières de Nîmes Galets Rouges 2019;8,7;11,0;95,7;-0,8540256344465561
4242;Parcé Frères Côtes du Roussillon Villages Zoé Rouge 2018;8,6;14,0;120,4;-0,8576181539091898
4729;Emile Boeckel Crémant Brut Blanc de Blancs;8,6;38,0;326,8;-0,8576181539091898
6042;Domaine La Croix Belle Côtes de Thongue Rosé Les Grillons 2019;8,5;18,0;153,0;-0,8612106733718238
4861;Philippe Nusswitz Duché d'Uzès Orénia Rouge 2017;8,5;29,0;246,5;-0,8612106733718238
6930;Mouthes Le Bihan Côtes de Duras L'Aimé Chai 2015;8,4;5,0;42,0;-0,8648031928344577
4863;Château Ollieux Romanis Corbières Rosé Classique 2019;8,2;4,0;32,8;-0,8719882317597255
4304;Domaine de l'Idylle Savoie Cruet 2018;8,1;0,0;0,0;-0,8755807512223592
4928;Domaine La Croix Belle Côtes de Thongue Rouge Le Champ du Coq 2016;7,9;5,0;39,5;-0,8827657901476271
4926;Domaine La Croix Belle Côtes de Thongue Blanc Champ des Lys 2018;7,9;0,0;0,0;-0,8827657901476271
4779;Clos du Mont-Olivet Vin de France La Sabonite;7,8;18,0;140,4;-0,886358309610261
4171;Le Hameau Des Ollieux Monsieur Pinot 2017;7,8;1,0;7,8;-0,886358309610261
4051;Jeanne Gaillard IGP Collines Rhodaniennes Syrah Terre de Mandrin 2018;7,7;6,0;46,2;-0,8899508290728948
4208;Domaine Montrose Côtes de Thongue Rosé 2019;7,6;16,0;121,6;-0,8935433485355286
4164;Parés Baltà Penedès Mas Petit 2015;7,6;20,0;152,0;-0,8935433485355286
5056;Domaine de Montgilet Anjou Rouge 2016;7,5;1,0;7,5;-0,8971358679981626
4755;Domaine de Montgilet Vin de France Grolleau 2019;7,4;0,0;0,0;-0,9007283874607965
4739;Jean-Paul Brun Beaujolais Le Ronsay 2016;7,4;0,0;0,0;-0,9007283874607965
5448;Parcé Frères Côtes du Roussillon Villages Hommage à Fernand 2017;7,2;0,0;0,0;-0,9079134263860642
4965;Château Turcaud Entre-Deux-Mers 2019;7,1;26,0;184,6;-0,911505945848698
4681;Domaine de Joy Côtes de Gascogne Blanc Moelleux Saint-André 2018;7,1;12,0;85,2;-0,911505945848698
5722;Domaine de l'Hortus Pays de l'Hérault Le Loup Dans La Bergerie 2018;7,1;19,0;134,9;-0,911505945848698
4963;Château Turcaud Bordeaux Rouge 2016;7,0;2,0;14,0;-0,915098465311332
4923;Cave de Castelmaure Corbières Rouge Vigneron 2018;7,0;10,0;70,0;-0,915098465311332
4105;Emile Boeckel Sylvaner Vieilles Vignes 2019;6,8;5,0;34,0;-0,9222835042365998
4776;Château de La Liquière Pays d'Hérault Blanc A Mi Chemin 2017;6,8;7,0;47,6;-0,9222835042365998
4207;Domaine Montrose Côtes de Thongue Rouge 2018;6,7;5,0;33,5;-0,9258760236992336
4858;Château Turcaud Bordeaux Rosé 2019;6,5;1,0;6,5;-0,9330610626245014
4927;Domaine La Croix Belle Côtes de Thongue Rouge La Caringole 2018;6,5;4,0;26,0;-0,9330610626245014
5695;Philippe Nusswitz IGP Cévènnes Rosé O Pale 2019;6,5;14,0;91,0;-0,9330610626245014
4680;Domaine de Joy Côtes de Gascogne Envie de Joy 2018;6,3;2,0;12,6;-0,9402461015497692
5779;Maurel Pays d'Oc Syrah 2019;5,8;8,0;46,4;-0,9582086988629386
5778;Maurel Pays d'Oc Merlot 2018;5,8;24,0;139,2;-0,9582086988629386
4200;Moulin de Gassac IGP Pays d'Hérault Guilhem Rosé 2019;5,8;46,0;266,8;-0,9582086988629386
4198;Moulin de Gassac IGP Pays d'Hérault Guilhem Rouge 2019;5,8;0,0;0,0;-0,9582086988629386
4173;Maurel Pays d'Oc Chenin-Colombard 2019;5,7;13,0;74,1;-0,9618012183255724
5777;Maurel Pays d'Oc Cabernet-Sauvignon 2017;5,7;0,0;0,0;-0,9618012183255724
4174;Maurel Cabardès Tradition 2017;5,7;6,0;34,2;-0,9618012183255724
4172;Maurel Pays d'Oc Chardonnay 2019;5,7;43,0;245,1;-0,9618012183255724
6129;Moulin de Gassac IGP Pays d'Hérault Guilhem Blanc 2017;5,2;0,0;0,0;-0,9797638156387418
